Modifier Set,Modifier,04/06/2026-04/11/2026,04/12/2026
Chocolate Bars,Milkway,$0.00,$0.00
Chocolate Bars,Snickers,$0.00,$0.00
Chocolate Bars,Twix,$0.00,$0.00
Gatorade Flavor,Blue,$0.00,$0.00
Gatorade Flavor,Red,$0.00,$0.00
Gatorade Flavor,Yellow,$0.00,$0.00
Peanut or Regular,Peanut,$0.00,$0.00
Peanut or Regular,Regular,$0.00,$0.00
Soda Can,AW Root Beer,$0.00,$0.00
Soda Can,Coca Cola,$0.00,$0.00
Soda Can,Diet Mt. Dew,$0.00,$0.00
Soda Can,Dr. Pepper,$0.00,$0.00
Soda Can,Mt. Dew,$0.00,$0.00
Soda Can,RC,$0.00,$0.00
Soda Can,Sprite,$0.00,$0.00
Soda Can,Sunkist - Orange,$0.00,$0.00
Soda Can,Zero Sugar RC,$0.00,$0.00
